no,word,jp
1,abide,（規則などに）従う、守る（by）
2,aboard,（乗り物に）乗って
3,absent,欠席の、不在の
4,absorb,吸収する
5,accent,なまり、アクセント
6,acceptance,受け入れ、承諾
7,accessible,利用しやすい、行きやすい
8,accessory,付属品、アクセサリー
9,acclaim,称賛（する）
10,accommodate,収容する、（要望に）対応する
11,accomplishment,達成、業績
12,accordingly,それに応じて、したがって
13,accountant,会計士、経理担当
14,accumulate,蓄積する、たまる
15,accuracy,正確さ
16,accurately,正確に
17,accustom,慣れさせる（be accustomed to 〜に慣れている）
18,activate,起動する、有効にする
19,actively,積極的に
20,actress,女優
21,adapter,アダプター、変換器
22,additionally,さらに、加えて
23,adhere,付着する、（規則を）守る（to）
24,adjacent,隣接した、となりの
25,administer,管理する、運営する
26,administrative,管理の、事務の
27,administrator,管理者、運営者
28,admission,入場（料）、入学、承認
29,advancement,昇進、進歩
30,advertiser,広告主
31,advisable,望ましい、賢明な
32,advisor,助言者、顧問
33,advisory,助言の、勧告
34,affirmative,肯定の、賛成の
35,affordable,手ごろな価格の
36,afterward,その後で
37,airfare,航空運賃
38,airplane,飛行機
39,airport,空港
40,aisle,（座席・棚の間の）通路
41,alert,警戒させる、警報
42,alike,同様に、似ている
43,allergy,アレルギー
44,allocate,割り当てる、配分する
45,alternate,交互の、代わりの
46,alternatively,代わりに、あるいは
47,amateur,アマチュア、素人
48,ambassador,大使
49,ambitious,野心的な、意欲的な
50,amenity,（施設の）設備、快適さ
51,ample,十分な、豊富な
52,amuse,楽しませる
53,anew,新たに、改めて
54,anniversary,記念日
55,announcer,アナウンサー、司会
56,annoy,いらだたせる
57,annually,毎年、年に一度
58,antique,骨董品、アンティークの
59,anyhow,とにかく、どうにかして
60,anytime,いつでも
61,apology,謝罪、おわび
62,appendix,付録、補足
63,appetizer,前菜、オードブル
64,apple,りんご
65,appliance,（家庭用）電化製品
66,applicable,適用できる、当てはまる
67,applicant,応募者、志願者
68,appraisal,評価、査定
69,appreciation,感謝、正しい評価
70,apprehensive,不安な、心配して
71,apprentice,見習い、実習生
72,approximate,おおよその、概算する
73,arc,弧、アーチ
74,architect,建築家、設計者
75,architectural,建築の
76,archive,保管する、記録保管所
77,artistic,芸術的な
78,asleep,眠って
79,aspect,側面、面
80,assemble,組み立てる、集める
81,assembly,組み立て、集会
82,assignment,割り当て、課題、任務
83,assurance,保証、確信
84,athletic,運動の、運動が得意な
85,attain,達成する、到達する
86,attendant,係員、案内係
87,attendee,出席者、参加者
88,attire,服装、衣装
89,attorney,弁護士
90,auction,競売、オークション
91,audit,監査（する）
92,audition,オーディション
93,auditor,監査人
94,auditorium,講堂、ホール
95,authentic,本物の、真正の
96,authority,権限、当局、権威
97,authorization,承認、許可
98,authorize,承認する、許可する
99,auto,自動車
100,automate,自動化する
101,automatic,自動の
102,automobile,自動車
103,automotive,自動車の
104,availability,利用できること、在庫の有無
105,await,待つ
106,backpack,リュックサック
107,bacteria,細菌、バクテリア
108,badge,バッジ、身分証
109,baggage,手荷物
110,bake,（オーブンで）焼く
111,baker,パン職人
112,bakery,パン屋、ベーカリー
113,balcony,バルコニー
114,balloon,風船、気球
115,ballroom,大広間、舞踏室
116,banker,銀行員、銀行家
117,bankrupt,破産した
118,bankruptcy,破産、倒産
119,banquet,宴会、晩さん会
120,barbecue,バーベキュー
121,bargain,特売品、掘り出し物／交渉する
122,baseball,野球
123,basement,地下（室）
124,basket,かご、バスケット
125,basketball,バスケットボール
126,bathroom,浴室、トイレ
127,battery,電池、バッテリー
128,bean,豆
129,beforehand,前もって、事前に
130,beginner,初心者
131,behalf,（on behalf of）〜を代表して、〜のために
132,bench,ベンチ
133,beneficial,有益な、ためになる
134,beverage,飲み物
135,bicycle,自転車
136,biography,伝記
137,biology,生物学
138,birthday,誕生日
139,blanket,毛布
140,blueprint,設計図、青写真、計画
141,boardroom,役員会議室
142,bonus,ボーナス、特典
143,bookcase,本棚
144,booklet,小冊子
145,bookstore,書店
146,booth,ブース、（展示会の）小間
147,born,生まれた
148,bound,（be bound for）〜行きの／必ず〜する
149,brainstorm,ブレインストーミング（する）
150,brake,ブレーキ（をかける）
151,briefcase,書類かばん
152,broaden,広げる、広がる
153,brochure,パンフレット、小冊子
154,broker,仲介業者、ブローカー
155,broom,ほうき
156,browse,（店内を）見て回る、閲覧する
157,buffet,ビュッフェ、立食形式
158,bug,虫、不具合、バグ
159,bulb,電球、球根
160,bulk,大量、大部分（in bulk 大量に）
161,bulletin,掲示、会報（bulletin board 掲示板）
162,businessman,実業家、ビジネスマン
163,businessperson,実業家
164,butter,バター
165,bye,さようなら
166,by-law,内規、細則
167,cab,タクシー
168,cabin,客室、小屋
169,cabinet,戸棚、キャビネット／内閣
170,cafe,カフェ、喫茶店
171,cafeteria,カフェテリア、社員食堂
172,cage,かご、おり
173,calculation,計算
174,calculator,計算機、電卓
175,calendar,カレンダー、予定表
176,caller,電話をかけた人、訪問者
177,campus,キャンパス、構内
178,cancellation,取り消し、キャンセル
179,candidate,候補者、志願者
180,candy,あめ、お菓子
181,captain,機長、船長、主将
182,careless,不注意な
183,cargo,貨物、積み荷
184,carpenter,大工
185,carrier,運送業者、航空会社／運ぶ人
186,cart,カート、荷車
187,carton,箱、カートン
188,cartridge,カートリッジ、交換部品
189,cashier,レジ係、会計係
190,casual,気軽な、カジュアルな
191,cater,料理を提供する、要望に応える（to）
192,caterer,仕出し業者、ケータリング業者
193,caution,注意、警告
194,cautious,慎重な、用心深い
195,ceiling,天井、（数量の）上限
196,celebrity,有名人
197,cellphone,携帯電話
198,centimeter,センチメートル
199,certificate,証明書、修了証
200,certification,認証、資格認定
201,certify,証明する、認定する
202,chairperson,議長、委員長
203,charitable,慈善の
204,checkout,（ホテルの）チェックアウト、（店の）会計
205,checkup,健康診断、点検
206,cheer,声援（する）、元気づける
207,cheeseburger,チーズバーガー
208,chef,シェフ、料理長
209,chemistry,化学
210,chilly,肌寒い
211,chronic,慢性の
212,cinema,映画館、映画
213,circuit,回路、巡回
214,circulate,循環する、（情報を）回覧する
215,circulation,循環、発行部数
216,circus,サーカス
217,clap,拍手する
218,clarify,明確にする
219,classify,分類する
220,classmate,同級生
221,cleaner,清掃員、クリーニング店
222,cleanliness,清潔さ
223,clerk,店員、事務員
224,click,クリック（する）
225,client,顧客、依頼人
226,clinic,診療所、クリニック
227,clip,クリップ、留める
228,closet,押し入れ、クローゼット
229,closure,閉鎖、終了
230,cloth,布、生地
231,cloudy,曇りの
232,clue,手がかり
233,collaboration,共同、協力
234,collector,収集家、集金人
235,colorful,色彩豊かな
236,comb,くし（でとかす）
237,comfortably,快適に
238,commerce,商業、貿易
239,commonly,一般に、普通に
240,commute,通勤（する）
241,commuter,通勤者
242,compact,小型の、コンパクトな
243,compartment,区画、（列車の）客室
244,compatible,互換性のある、両立できる
245,compensate,補償する、埋め合わせる
246,compile,編集する、まとめる
247,completion,完成、完了
248,compliance,順守、法令順守
249,complication,複雑化、問題
250,compliment,ほめ言葉、ほめる
251,complimentary,無料の、称賛の
252,comply,従う、順守する（with）
253,comprehension,理解（力）
254,concierge,コンシェルジュ、案内係
255,conditioner,コンディショナー、調整器
256,condominium,分譲マンション
257,conductor,車掌、指揮者
258,conference,会議、会談
259,confidential,機密の
260,confirmation,確認、確定
261,conform,従う、一致する（to）
262,congestion,混雑、渋滞
263,congratulate,祝う
264,congratulation,祝い、（複数で）おめでとう
265,consecutive,連続した
266,consent,同意（する）
267,considerably,かなり、相当
268,considerate,思いやりのある
269,consignment,委託（販売）、積み荷
270,consistently,一貫して
271,consultation,相談、協議
272,consumption,消費
273,container,容器、コンテナ
274,contestant,競技者、出場者
275,continental,大陸の
276,contraction,収縮、短縮形
277,contractor,請負業者、契約者
278,contradict,矛盾する、反論する
279,contradiction,矛盾
280,contrary,反対の（on the contrary それどころか）
281,convenience,便利さ、都合
282,convenient,便利な、都合のよい
283,conveniently,便利に
284,convey,伝える、運ぶ
285,cookbook,料理本
286,cookie,クッキー
287,cooler,クーラーボックス、冷却装置
288,cooperate,協力する
289,coordinate,調整する、まとめる
290,coordinator,まとめ役、コーディネーター
291,copier,コピー機
292,copyright,著作権
293,cord,コード、ひも
294,cordless,コードレスの
295,correction,訂正、修正
296,correctly,正しく
297,correspondence,文通、通信、一致
298,cosmetic,化粧品、美容の
299,costly,高価な、犠牲の大きい
300,costume,衣装
301,counselor,相談員、カウンセラー
302,countryside,田舎、地方
303,coupon,クーポン、割引券
304,courier,宅配業者、配達人
305,courtesy,礼儀、好意（courtesy of 〜のご厚意による）
306,coworker,同僚
307,crane,クレーン、ツル
308,creativity,創造性
309,criteria,基準（criterionの複数）
310,cruise,クルーズ、遊覧（する）
311,culinary,料理の
312,cumulative,累積的な
313,cushion,クッション、緩和する
314,customize,カスタマイズする、注文に合わせる
315,daytime,昼間
316,deadline,締め切り
317,dealership,販売店、特約店
318,debit,引き落とし、借方
319,deck,デッキ、甲板
320,decorate,飾る、装飾する
321,decoration,装飾、飾り
322,dedication,献身、専念
323,deduct,差し引く、控除する
324,deduction,控除、推論
325,defect,欠陥
326,defective,欠陥のある
327,definite,明確な、確実な
328,delegate,代表（を派遣する）、委任する
329,delete,削除する
330,delicate,繊細な、壊れやすい
331,delicious,おいしい
332,deluxe,豪華な、デラックスな
333,demolish,取り壊す
334,dental,歯の
335,dentist,歯科医
336,depart,出発する
337,departmental,部門の、部署の
338,departure,出発
339,dependable,頼りになる、信頼できる
340,dependence,依存
341,descriptive,説明的な、記述的な
342,designate,指定する、任命する
343,desirable,望ましい
344,desktop,デスクトップ（パソコン）
345,desperate,必死の、絶望的な
346,dessert,デザート
347,destination,目的地、行き先
348,detach,取り外す、切り離す
349,deteriorate,悪化する
350,devastate,壊滅させる
351,developer,開発者、開発業者
352,diagnose,診断する
353,diagnostic,診断の
354,diagram,図、図表
355,dial,ダイヤル（を回す）、電話をかける
356,diamond,ダイヤモンド
357,dine,食事をする
358,diner,食事客、簡易食堂
359,diploma,卒業証書、修了証
360,directory,名簿、住所録、（PCの）ディレクトリ
361,disable,使えなくする、無効にする
362,disagreement,不一致、意見の相違
363,disappointment,失望、期待外れ
364,discard,捨てる、廃棄する
365,disconnect,切断する
366,discontinue,中止する、（製造を）打ち切る
367,discrepancy,食い違い、不一致
368,disgust,嫌悪（させる）
369,dishwasher,食器洗い機
370,dislike,嫌う、嫌悪
371,dispatch,発送する、派遣する
372,disposal,処分、廃棄
373,dispose,処分する（of）、配置する
374,disrupt,混乱させる、中断させる
375,disruption,混乱、中断
376,dissatisfy,不満をいだかせる
377,distract,気を散らす
378,distraction,気晴らし、気を散らすもの
379,distractor,（試験の）誤答選択肢
380,distribution,配布、分配、流通
381,distributor,販売代理店、卸売業者
382,dive,飛び込む、潜る
383,dividend,配当（金）
384,dock,波止場、ドック（に入れる）
385,documentary,ドキュメンタリー
386,documentation,文書、書類一式
387,donate,寄付する
388,donation,寄付
389,donut,ドーナツ
390,doorman,ドアマン、玄関係
391,dose,（薬の）1回分、服用量
392,download,ダウンロード（する）
393,downsize,縮小する、人員削減する
394,downstairs,階下に
395,downtown,繁華街、中心街
396,downturn,（景気の）下降、悪化
397,drastically,抜本的に、大幅に
398,drawback,欠点、難点
399,drawer,引き出し
400,drill,ドリル、訓練
401,drought,干ばつ
402,drum,ドラム、太鼓
403,dull,鈍い、退屈な
404,duplicate,複製（する）、複写
405,durable,丈夫な、耐久性のある
406,duration,継続期間
407,dynamic,活発な、動的な
408,eager,熱心な、切望して
409,earthquake,地震
410,e-book,電子書籍
411,economical,経済的な、節約になる
412,economically,経済的に
413,economist,経済学者、エコノミスト
414,economize,節約する
415,editorial,社説、編集の
416,effectiveness,有効性、効果
417,efficiently,効率的に
418,electrical,電気の
419,electrician,電気技師
420,electronically,電子的に、オンラインで
421,elegant,優雅な、上品な
422,elephant,象
423,elevate,上げる、高める
424,elevator,エレベーター
425,eligible,資格のある、適格の
426,embassy,大使館
427,embed,埋め込む
428,enclose,同封する、囲む
429,energetic,精力的な、活発な
430,engagement,約束、婚約、業務
431,enjoyable,楽しい
432,enroll,登録する、入学する
433,enrollment,登録、入学（者数）
434,enthusiasm,熱意、熱狂
435,enthusiast,熱心な愛好家、ファン
436,enthusiastic,熱心な
437,enthusiastically,熱心に
438,entree,メインディッシュ、主菜
439,entrepreneur,起業家
440,environmentally,環境的に（environmentally friendly 環境にやさしい）
441,equip,備え付ける、装備する
442,erase,消す
443,escalator,エスカレーター
444,escort,付き添う、護衛（する）
445,ethics,倫理、道徳
446,euro,ユーロ（通貨）
447,evacuate,避難する、避難させる
448,evenly,均等に、平等に
449,evident,明白な
450,excellence,優秀さ、卓越
451,exceptional,例外的な、非常に優れた
452,excessive,過度の
453,exclusive,独占的な、限定の
454,exclusively,もっぱら、独占的に
455,excursion,遠足、小旅行
456,exemption,免除、控除
457,exit,出口、退出する
458,exotic,異国風の、エキゾチックな
459,expedite,迅速に処理する、はかどらせる
460,expertise,専門知識、専門技術
461,expiration,満了、（期限の）失効
462,expire,期限が切れる
463,explanatory,説明的な
464,explorer,探検家
465,extinguisher,消火器
466,fabric,生地、布
467,facilitate,促進する、容易にする
468,factual,事実に基づく
469,faculty,教授陣、（大学の）学部、能力
470,familiarity,精通、なじみ
471,familiarize,慣れさせる、精通させる
472,fare,運賃
473,farewell,別れ、送別（farewell party 送別会）
474,fasten,締める、留める
475,fatigue,疲労
476,faulty,欠陥のある、不完全な
477,favorable,好意的な、有利な
478,fax,ファックス
479,feedback,意見、感想、フィードバック
480,ferry,フェリー、渡し船
481,finalize,最終決定する、仕上げる
482,firefighter,消防士
483,firework,花火
484,fiscal,財政の、会計の（fiscal year 会計年度）
485,fitness,健康、フィットネス、適性
486,fixture,備品、据え付け設備
487,flavor,風味、味
488,flaw,欠陥、傷
489,fleet,（車・船の）一団、船隊
490,flexibility,柔軟性
491,flextime,フレックスタイム制
492,flour,小麦粉
493,flu,インフルエンザ
494,fluctuate,変動する
495,fluent,流ちょうな
496,flyer,チラシ、広告ビラ
497,fog,霧
498,folder,フォルダー、書類挟み
499,footwear,履物
500,forbid,禁じる
501,foreman,現場監督、職長
502,fork,フォーク、分岐
503,formally,正式に、形式的に
504,fortunately,幸運にも
505,forum,討論会、フォーラム
506,foster,育成する、促進する、里親の
507,founder,創設者
508,fountain,噴水、泉
509,franchise,フランチャイズ、営業権
510,freelance,フリーランスの、自由契約の
511,freight,貨物、運送
512,freighter,貨物船
513,frustrate,いらだたせる、挫折させる
514,fry,揚げる、炒める
515,fundraise,資金を集める
516,furnish,家具を備え付ける、供給する
517,gallon,ガロン（容量の単位）
518,garage,車庫、修理工場
519,garbage,ごみ
520,gardener,庭師、造園業者
521,garment,衣服、衣料品
522,gasoline,ガソリン
523,generalization,一般化、概括
524,generator,発電機
525,generic,一般的な、ノーブランドの
526,generous,気前のよい、寛大な
527,genre,ジャンル、様式
528,getaway,休暇旅行、逃走
529,glove,手袋
530,goods,商品、品物
531,gossip,うわさ話（をする）
532,graduation,卒業
533,gram,グラム
534,graph,グラフ
535,graphic,図表の、生々しい
536,graphics,図表、画像
537,grill,グリル、網焼き（にする）
538,grocery,食料雑貨（店）
539,guidance,指導、案内
540,gum,ガム、歯茎
541,gym,ジム、体育館
542,gymnasium,体育館
543,habitual,習慣的な
544,hacker,ハッカー
545,hallway,廊下、玄関
546,hamburger,ハンバーガー
547,handbook,手引き、便覧
548,handy,便利な、手近な
549,hardware,金物、ハードウェア
550,hardworking,勤勉な
551,harmful,有害な
552,hazard,危険（要素）
553,hazardous,危険な、有害な
554,headache,頭痛
555,headphone,ヘッドホン
556,headquarter,本部を置く（headquarters 本社）
557,healthcare,医療、健康管理
558,healthful,健康によい
559,heater,暖房器具、ヒーター
560,helmet,ヘルメット
561,hereby,これによって、ここに
562,hesitant,ためらいがちな
563,hesitation,ためらい
564,highway,幹線道路、高速道路
565,hike,ハイキング（する）、（値段の）引き上げ
566,hiker,ハイカー
567,hobby,趣味
568,homeless,家のない、ホームレスの
569,homemade,自家製の
570,homeowner,住宅所有者
571,homework,宿題
572,honestly,正直に
573,hospitality,もてなし、接客業
574,hotline,ホットライン、直通電話
575,hourly,1時間ごとの、時給の
576,housekeep,家事をする
577,housekeeper,家政婦、客室係
578,humidity,湿度、湿気
579,hungry,空腹の
580,hurricane,ハリケーン
581,hygiene,衛生
582,ice cream,アイスクリーム
583,icy,氷の、凍った
584,ideally,理想的には
585,identification,身分証明、識別
586,illogical,非論理的な
587,immigration,移民、入国審査
588,impact,影響、衝撃
589,impatient,我慢できない、いらいらした
590,imperative,必須の、命令的な
591,inappropriate,不適切な
592,inclusive,すべて込みの、包括的な
593,incoming,入ってくる、新任の
594,incomplete,不完全な
595,inconvenience,不便、迷惑
596,incur,（費用・損失などを）招く、被る
597,indicator,指標、表示器
598,indirect,間接的な
599,individually,個別に、それぞれ
600,indoor,屋内の
601,induction,導入、就任、誘導
602,inefficient,非効率な
603,inexpensive,安価な
604,inexperience,経験不足、未熟
605,infer,推測する、推論する
606,inference,推論、推測
607,inflate,膨らませる、（物価を）つり上げる
608,influential,影響力のある
609,informal,非公式の、くだけた
610,informative,有益な、情報を与える
611,ingredient,材料、成分
612,ink,インク
613,innovative,革新的な
614,inquire,尋ねる、問い合わせる
615,insert,挿入する
616,inspect,検査する、視察する
617,inspection,検査、点検
618,inspector,検査官、調査官
619,inspiration,ひらめき、着想、刺激
620,installation,設置、取り付け
621,institute,協会、研究所、（制度を）設ける
622,instruct,指示する、教える
623,instructor,講師、指導員
624,insufficient,不十分な
625,integral,不可欠な、（構成に）必要な
626,intently,熱心に、一心に
627,interactive,双方向の、対話式の
628,interfere,干渉する、邪魔する
629,intern,インターン、研修生
630,internationally,国際的に
631,internet,インターネット
632,internship,インターンシップ、実務研修
633,interpreter,通訳者
634,interrupt,中断する、さえぎる
635,intersection,交差点
636,intonation,抑揚、イントネーション
637,introductory,入門の、導入の（introductory offer 初回特典）
638,invaluable,非常に貴重な
639,invention,発明（品）
640,inventory,在庫（目録）
641,invoice,請求書、送り状
642,irregular,不規則な、不定期の
643,irrelevant,無関係の
644,irritate,いらだたせる
645,itinerary,旅程、行程表
646,jam,渋滞、ジャム、詰まる
647,jazz,ジャズ
648,jeans,ジーンズ
649,jet,ジェット機、噴射
650,jewelry,宝石類、アクセサリー
651,jog,ジョギングする
652,journalism,報道、ジャーナリズム
653,juice,ジュース
654,junior,年下の、下級の
655,junk,がらくた、くず
656,keyboard,キーボード
657,kilogram,キログラム
658,kilometer,キロメートル
659,kit,一式、キット
660,knowledgeable,博識な、詳しい
661,lab,研究室、実験室
662,ladder,はしご
663,lamp,ランプ、照明
664,landlord,家主、大家
665,lane,車線、小道
666,laptop,ノートパソコン
667,lately,最近
668,laundry,洗濯（物）、クリーニング店
669,lawn,芝生
670,layoff,一時解雇、レイオフ
671,layout,配置、レイアウト
672,leak,漏れ（る）、漏らす
673,lease,賃貸借（契約）、賃借する
674,lecturer,講師
675,leisure,余暇、レジャー
676,lengthy,長い、長々とした
677,letterhead,レターヘッド（社名入り便箋）
678,librarian,司書、図書館員
679,lifeguard,監視員、ライフガード
680,lifestyle,生活様式
681,lifetime,生涯、一生
682,lighter,ライター、より軽い
683,lightweight,軽量の
684,likewise,同様に
685,liter,リットル
686,lobby,ロビー、（議会への）働きかけ
687,locally,地元で、局地的に
688,locker,ロッカー
689,logical,論理的な
690,login,ログイン
691,logo,ロゴ
692,loudly,大声で
693,lounge,ラウンジ、休憩室
694,loyal,忠実な
695,loyalty,忠誠、愛着（loyalty program 顧客優待制度）
696,luggage,手荷物
697,luncheon,昼食会
698,lunchtime,昼食時間
699,ma'am,（女性への呼びかけ）奥様、お客様
700,machinery,機械（類）
701,malfunction,故障（する）、不具合
702,mall,ショッピングモール
703,managerial,経営の、管理職の
704,mandatory,義務的な、必須の
705,manual,手引き、取扱説明書、手動の
706,mask,マスク、仮面
707,massage,マッサージ
708,maximize,最大化する
709,meaningful,意味のある、有意義な
710,meantime,その間（in the meantime その間に）
711,mechanic,整備士、機械工
712,mechanical,機械の、機械的な
713,media,メディア、媒体
714,medication,薬、投薬
715,memo,メモ、社内連絡
716,memorandum,覚書、社内文書
717,memorize,暗記する
718,mentor,指導者、助言者
719,merchandise,商品
720,merchant,商人、貿易商
721,merge,合併する、統合する
722,merger,合併
723,merit,長所、価値
724,messenger,使者、配達人
725,microphone,マイク
726,microscope,顕微鏡
727,microwave,電子レンジ
728,midnight,真夜中
729,mild,穏やかな、まろやかな
730,mileage,走行距離、燃費
731,mineral,鉱物、ミネラル
732,mini,小型の、ミニ
733,minimize,最小化する
734,misidentify,見誤る、誤認する
735,mislead,誤解させる、惑わす
736,misplace,置き忘れる
737,mister,（男性への敬称）〜さん
738,modem,モデム
739,modification,修正、変更
740,monument,記念碑、遺跡
741,morale,士気、やる気
742,mosquito,蚊
743,motorcycle,オートバイ
744,mower,芝刈り機
745,nail,くぎ、爪
746,nap,昼寝、仮眠
747,nationwide,全国的な
748,neat,きちんとした、整った
749,necessity,必要（性）、必需品
750,necklace,ネックレス
751,needy,貧しい、困窮した
752,newsletter,会報、ニュースレター
753,newsstand,新聞・雑誌売店
754,noisy,騒がしい
755,nominate,指名する、推薦する
756,nomination,指名、推薦
757,noon,正午
758,notify,通知する、知らせる
759,nutrition,栄養
760,obligate,義務づける
761,oblige,義務づける、（〜せざるを得なくする）、応じる
762,obtain,得る、入手する
763,occupancy,入居、占有（率）
764,occupant,居住者、占有者
765,occupation,職業、占有
766,occurrence,出来事、発生
767,o'clock,〜時
768,officially,公式に、正式に
769,omit,省略する、抜かす
770,ongoing,進行中の、継続している
771,operational,運転可能な、業務上の
772,opt,選ぶ（for）
773,optimistic,楽観的な
774,optional,任意の、選択自由の
775,orchestra,オーケストラ、管弦楽団
776,organizational,組織の
777,organizer,主催者、まとめ役
778,orientation,オリエンテーション、方向づけ
779,outage,停電、供給停止
780,outdate,時代遅れにする（outdated 旧式の）
781,outdoor,屋外の
782,outfit,服装一式、装備
783,outlet,コンセント、直売店、はけ口
784,outlook,見通し、展望
785,outstanding,傑出した、未払いの
786,oval,楕円（形）の
787,oven,オーブン
788,overcharge,過剰請求する
789,overcrowd,過密にする、詰め込みすぎる
790,overdue,支払い期限を過ぎた、延滞の
791,overhead,頭上の、諸経費
792,overlook,見落とす、見渡す
793,overnight,一晩の、夜通し
794,overpay,払いすぎる
795,oversee,監督する
796,overtime,残業、時間外
797,overview,概要、概観
798,packet,小包、（データの）パケット
799,pad,パッド、当て物、メモ帳
800,painter,画家、塗装工
801,pamphlet,パンフレット、小冊子
802,pan,平なべ、フライパン
803,pant,あえぐ（pants ズボン）
804,paperback,ペーパーバック、文庫本
805,paperwork,事務手続き、書類仕事
806,parade,パレード、行列
807,paralegal,弁護士補助員
808,paraphrase,言い換える
809,parcel,小包
810,partial,部分的な、不公平な
811,partially,部分的に
812,passport,パスポート、旅券
813,password,パスワード
814,pasta,パスタ
815,pastry,ペストリー、焼き菓子
816,patent,特許
817,patience,忍耐、我慢
818,patron,常連客、後援者
819,payable,支払うべき、支払い可能な
820,paycheck,給料（小切手）
821,payroll,給与（総額）、従業員名簿
822,pedestrian,歩行者
823,penalize,罰する、ペナルティを科す
824,pepper,こしょう、ピーマン
825,performer,演奏者、出演者
826,periodical,定期刊行物、雑誌
827,periodically,定期的に
828,permanently,永久に、恒久的に
829,personalize,個人向けにする、名前を入れる
830,pet,ペット
831,petition,請願（書）、嘆願する
832,pharmaceutical,製薬の、薬剤の
833,pharmacist,薬剤師
834,pharmacy,薬局
835,photocopier,コピー機
836,photocopy,コピー（する）
837,photographer,写真家、カメラマン
838,photography,写真撮影
839,physician,医師、内科医
840,physics,物理学
841,picnic,ピクニック
842,pie,パイ
843,pill,錠剤、丸薬
844,pillow,枕
845,pizza,ピザ
846,placement,配置、就職あっせん
847,planner,立案者、予定表、プランナー
848,plausible,もっともらしい、あり得る
849,plow,耕す、（雪を）除ける、すき
850,plug,プラグ、栓（差し込む）
851,plumber,配管工
852,pole,棒、柱、極
853,polish,磨く、つや出し
854,polite,礼儀正しい
855,pollute,汚染する
856,poorly,不十分に、下手に、体調が悪く
857,popcorn,ポップコーン
858,popularity,人気
859,portable,持ち運びできる、携帯用の
860,portfolio,作品集、（資産の）ポートフォリオ
861,postage,郵便料金
862,postal,郵便の
863,postcard,はがき
864,poster,ポスター
865,postpone,延期する
866,pottery,陶器
867,precede,先立つ、先行する
868,prediction,予測、予言
869,preliminary,予備の、準備の
870,premium,割増金、保険料、高級な
871,prescribe,処方する、指示する
872,prescription,処方せん、処方
873,presenter,発表者、司会者
874,prestigious,名門の、権威ある
875,preview,試写、下見（する）
876,probable,ありそうな、起こりそうな
877,productive,生産的な
878,productivity,生産性
879,professionally,専門的に、職業として
880,proficiency,熟達、技能
881,profitable,利益になる、もうかる
882,programmer,プログラマー
883,prohibit,禁止する
884,projection,予測、投影
885,projector,プロジェクター、映写機
886,prominent,目立つ、著名な
887,promotional,販売促進の、宣伝の
888,promptly,すぐに、時間どおりに
889,proofread,校正する
890,prospective,見込みのある、将来の
891,protective,保護する、保護用の
892,provider,供給者、提供業者
893,publicity,宣伝、知名度
894,publicize,公表する、宣伝する
895,publish,出版する、公表する
896,punctual,時間を守る、几帳面な
897,purchaser,購入者
898,purse,ハンドバッグ、財布
899,purser,（船・機の）事務長、パーサー
900,puzzle,パズル、当惑させる
901,quarterly,四半期ごとの、季刊の
902,query,質問、問い合わせ
903,questionnaire,アンケート、質問票
904,quit,やめる、辞職する
905,rack,棚、ラック
906,railway,鉄道
907,raincoat,レインコート
908,rainfall,降雨（量）
909,rainy,雨の
910,ray,光線
911,realistic,現実的な、写実的な
912,realtor,不動産業者
913,rearrange,並べ替える、再調整する
914,reassure,安心させる
915,rebate,払い戻し、割戻金
916,receipt,領収書、受領
917,reception,受付、歓迎会、受信
918,receptionist,受付係
919,recession,景気後退、不況
920,recipe,レシピ、調理法
921,recipient,受取人、受賞者
922,reconsider,再考する
923,recreation,娯楽、レクリエーション
924,recreational,娯楽の、レクリエーションの
925,recruiter,採用担当者
926,recruitment,採用、募集
927,recur,再発する、繰り返される
928,recycle,再利用する、リサイクルする
929,redecorate,改装する、模様替えする
930,redesign,設計し直す
931,referee,審判、（論文などの）査読者
932,referral,紹介、照会
933,refinery,精製所
934,reflexive,再帰の、反射的な
935,refresh,元気づける、更新する
936,refreshment,軽い飲食物、軽食
937,refrigerator,冷蔵庫
938,refund,払い戻し（する）
939,refundable,払い戻し可能な
940,rehearsal,リハーサル、下稽古
941,rehearse,リハーサルする、練習する
942,reimburse,払い戻す、弁済する
943,reimbursement,払い戻し、経費精算
944,reinforce,強化する、補強する
945,relaxation,くつろぎ、緩和
946,reliability,信頼性
947,relieve,和らげる、安心させる、交代する
948,relocate,移転する、転勤する
949,relocation,移転、転勤
950,reluctant,気が進まない、しぶしぶの
951,remainder,残り、余り
952,reminder,思い出させるもの、催促状
953,remodel,改築する、改装する
954,removal,除去、撤去、引っ越し
955,renew,更新する、再開する
956,renewal,更新、再開
957,renovate,改修する、修復する
958,renovation,改修、修復
959,renown,名声
960,rental,賃貸（の）、レンタル
961,renter,賃借人、借り主
962,reopen,再開する
963,repairperson,修理工
964,repeatedly,繰り返し
965,repetition,繰り返し、反復
966,replacement,交換（品）、後任
967,reproduce,複製する、再現する、繁殖する
968,reschedule,予定を変更する
969,resemble,似ている
970,reservation,予約
971,residence,住居、居住
972,residential,住宅の
973,resignation,辞職、辞表
974,respondent,回答者、応答者
975,restatement,言い直し、再表明
976,restroom,（公共の）トイレ、化粧室
977,resume,再開する（résumé 履歴書）
978,retailer,小売業者
979,retreat,退却（する）、静養（所）
980,retrieve,取り戻す、回収する、（データを）検索する
981,reunion,再会、同窓会
982,reviewer,批評家、審査員
983,revision,改訂、修正
984,revolutionize,大変革をもたらす
985,rewrite,書き直す
986,rider,乗り手、（契約の）付帯条項
987,rose,バラ
988,rubber,ゴム
989,rug,敷物、じゅうたん
990,rumor,うわさ
991,runner,走者、ランナー
992,safely,安全に、無事に
993,salad,サラダ
994,salesman,販売員、営業マン
995,salespeople,販売員たち
996,salesperson,販売員、営業担当
997,salon,店、サロン
998,sandwich,サンドイッチ
999,satellite,衛星、人工衛星
1000,satisfactory,満足のいく
1001,sauna,サウナ
1002,scarf,スカーフ、マフラー
1003,scenery,景色、風景
1004,scholarship,奨学金、学識
1005,sculpture,彫刻
1006,seafood,海産物、シーフード
1007,seaside,海辺、海岸
1008,seasonal,季節の、季節限定の
1009,sedan,セダン（型自動車）
1010,seeker,求める人、探求者
1011,seldom,めったに〜しない
1012,seller,売り手、売れ行き商品
1013,semester,学期
1014,seminar,セミナー、研究会
1015,sender,送り主、差出人
1016,separately,別々に
1017,serial,連続の、通し番号の
1018,sew,縫う
1019,sewer,下水道
1020,sharply,急激に、鋭く
1021,shipment,発送、出荷（品）
1022,shopper,買い物客
1023,shortage,不足
1024,shorten,短くする
1025,shortly,まもなく、手短に
1026,showroom,展示室、ショールーム
1027,shuttle,定期往復便、シャトル
1028,sidewalk,歩道
1029,sightsee,観光する
1030,signature,署名、サイン
1031,signify,意味する、示す
1032,silently,静かに、黙って
1033,similarity,類似（点）
1034,simplify,単純化する
1035,sincerely,心から（Sincerely 敬具）
1036,skate,スケートをする
1037,skateboard,スケートボード
1038,sketch,スケッチ、下絵、概略
1039,skim,ざっと読む、すくい取る
1040,sleepy,眠い
1041,sleeve,そで
1042,slot,細長い穴、（予定の）枠
1043,smartphone,スマートフォン
1044,smoothly,滑らかに、順調に
1045,snack,軽食、おやつ
1046,snowy,雪の（多い）
1047,soap,せっけん
1048,soar,急上昇する、舞い上がる
1049,soccer,サッカー
1050,sock,靴下
1051,sofa,ソファ
1052,solar,太陽の、太陽光の
1053,someday,いつか
1054,sometime,いつか、そのうち
1055,soup,スープ
1056,spa,温泉、スパ
1057,spacious,広々とした
1058,spam,迷惑メール
1059,specially,特別に
1060,specialty,専門、名物、得意料理
1061,specification,仕様（書）、明細
1062,spectator,観客、見物人
1063,spill,こぼす、こぼれる
1064,spite,悪意（in spite of 〜にもかかわらず）
1065,spokesperson,広報担当者、代弁者
1066,spouse,配偶者
1067,spray,スプレー（で吹きつける）
1068,spreadsheet,表計算（ソフト）
1069,stack,積み重ね（る）
1070,stadium,競技場、スタジアム
1071,staple,ホチキスで留める、主要な、主食
1072,stapler,ホチキス
1073,stationery,文房具、便箋
1074,statistics,統計（学）
1075,statue,像、彫像
1076,steadily,着実に、絶えず
1077,steak,ステーキ
1078,steer,操縦する、導く
1079,stereo,ステレオ
1080,sticker,ステッカー、シール
1081,stimulus,刺激、励み
1082,stockbroker,証券仲買人
1083,stockholder,株主
1084,storeroom,貯蔵室、物置
1085,strategic,戦略的な
1086,streamline,合理化する、能率化する
1087,strictly,厳密に、厳しく
1088,stripe,しま、ストライプ
1089,submission,提出（物）、服従
1090,subscribe,定期購読する、加入する
1091,subscriber,定期購読者、加入者
1092,subscription,定期購読、加入
1093,subsidize,助成する、補助金を出す
1094,substantially,大幅に、実質的に
1095,subtract,差し引く、引き算する
1096,suburb,郊外
1097,subway,地下鉄
1098,sue,訴える、告訴する
1099,suitcase,スーツケース
1100,suite,スイートルーム、一式
1101,sunny,晴れた
1102,sunscreen,日焼け止め
1103,sunshine,日光、日なた
1104,superb,素晴らしい、極上の
1105,superior,より優れた、上役
1106,supermarket,スーパーマーケット
1107,supervise,監督する、指揮する
1108,supervisor,監督者、上司
1109,surf,波乗りをする、（ネットを）閲覧する
1110,suspicious,怪しい、疑わしい
1111,sweater,セーター
1112,tablecloth,テーブルクロス
1113,tablet,タブレット（端末）、錠剤
1114,tactic,戦術、方策
1115,tag,荷札、タグ
1116,tailor,仕立て屋、（要望に）合わせる
1117,takeover,買収、乗っ取り、引き継ぎ
1118,taker,受け取る人、引き受ける人
1119,tasty,おいしい
1120,tech,技術、テクノロジー
1121,technician,技術者、技師
1122,teen,ティーンエイジャー
1123,telecommunication,電気通信
1124,teller,（銀行の）窓口係
1125,temporarily,一時的に
1126,tempt,誘惑する、そそる
1127,tenant,借家人、テナント
1128,terminal,終着駅、ターミナル、端末
1129,terminate,終了させる、解雇する
1130,termination,終了、解約
1131,terrific,素晴らしい
1132,textbook,教科書
1133,theft,窃盗、盗み
1134,thirsty,のどが渇いた
1135,thorough,徹底的な、完全な
1136,thoroughly,徹底的に、完全に
1137,thrill,わくわくさせる、スリル
1138,thunderstorm,雷雨
1139,tidy,きちんとした、片づける
1140,tile,タイル
1141,timeline,予定表、時系列
1142,timely,タイミングのよい、時宜を得た
1143,timer,タイマー
1144,timetable,時刻表、予定表
1145,toiletry,洗面用品、化粧品
1146,toll,通行料、通話料、犠牲
1147,tomato,トマト
1148,ton,トン
1149,toner,トナー（印刷用）
1150,tow,けん引する、レッカー移動する
1151,towel,タオル
1152,trademark,商標、トレードマーク
1153,traditionally,伝統的に
1154,trainee,研修生、実習生
1155,trainer,訓練士、トレーナー
1156,transaction,取引、処理
1157,transit,輸送、通過（in transit 輸送中）
1158,translation,翻訳
1159,translator,翻訳者
1160,transmission,送信、伝達、変速機
1161,transmit,送信する、伝える
1162,trash,ごみ
1163,traveler,旅行者
1164,tray,盆、トレー
1165,tremendous,途方もない、素晴らしい
1166,tropical,熱帯の
1167,tuition,授業料、指導
1168,tuna,マグロ、ツナ
1169,tunnel,トンネル
1170,turnover,売上高、離職率、回転率
1171,umbrella,傘
1172,unattended,付き添いのない、放置された
1173,unauthorize,権限を与えない（unauthorized 無許可の）
1174,unavailable,入手できない、手が空いていない
1175,uncomfortable,心地よくない、不快な
1176,underground,地下の
1177,underline,下線を引く、強調する
1178,underway,進行中で
1179,unemployed,失業中の
1180,unexpected,予期しない、意外な
1181,unfamiliar,なじみのない、不案内な
1182,unhappy,不幸な、不満な
1183,unlimited,無制限の
1184,unload,荷を降ろす
1185,unnecessary,不要な
1186,unpaid,未払いの、無給の
1187,unpleasant,不快な
1188,unplug,プラグを抜く
1189,unreal,非現実的な
1190,unreliable,当てにならない、信頼できない
1191,unspecified,明記されていない、不特定の
1192,unsure,確信のない、自信のない
1193,unused,使われていない、未使用の
1194,unusually,異常に、いつになく
1195,upcoming,来たるべき、今度の
1196,upgrade,格上げする、性能を上げる
1197,upstairs,階上に
1198,urgent,緊急の
1199,urgently,緊急に
1200,usage,使用（法）、語法
1201,utility,公共料金、実用性、ユーティリティー
1202,vacancy,空室、欠員
1203,vacant,空いている、空席の
1204,vacate,立ち退く、（席などを）空ける
1205,vacation,休暇
1206,vacuum,真空、掃除機（をかける）
1207,valid,有効な、正当な
1208,validate,有効にする、確認する
1209,vanilla,バニラ
1210,vase,花瓶
1211,vegetarian,菜食主義者（の）
1212,vend,販売する
1213,vendor,販売業者、売り手
1214,venue,開催地、会場
1215,verbal,言葉の、口頭の
1216,verify,確認する、証明する
1217,videoconference,テレビ会議
1218,violate,違反する、侵害する
1219,violation,違反、侵害
1220,violin,バイオリン
1221,visa,ビザ、査証
1222,vitamin,ビタミン
1223,volleyball,バレーボール
1224,voucher,引換券、クーポン、伝票
1225,waiter,ウエイター、給仕
1226,waitress,ウエイトレス
1227,waive,（権利などを）放棄する、免除する
1228,walkway,歩道、通路
1229,wallet,財布
1230,ward,病棟、（行政の）区
1231,warehouse,倉庫
1232,warranty,保証（書）
1233,webpage,ウェブページ
1234,website,ウェブサイト
1235,weekday,平日
1236,wellness,健康（増進）
1237,whale,クジラ
1238,wheelchair,車いす
1239,whoever,〜する人は誰でも
1240,wildlife,野生生物
1241,willingness,快く〜する気持ち、意欲
1242,windy,風の強い
1243,wireless,無線の
1244,wisely,賢明に
1245,withdrawal,引き出し、撤退、取り消し
1246,wool,羊毛、ウール
1247,workbook,練習帳、作業手順書
1248,workforce,労働力、全従業員
1249,workplace,職場
1250,workshop,作業場、研修会
1251,worldwide,世界的な、世界中で
1252,worthwhile,やりがいのある、価値のある
1253,wrinkle,しわ
1254,wristwatch,腕時計
1255,yearly,毎年の、年1回の
1256,yen,円（通貨）
1257,yoga,ヨガ
1258,zoo,動物園
